{
  "baseline": {
    "DBSCAN": {
      "green_pct": {
        "mean": 3.084848484848484,
        "std": 0.33404881889747073,
        "values": [
          3.381818181818181,
          3.2545454545454544,
          2.6181818181818177
        ]
      },
      "red_pct": {
        "mean": 0.0,
        "std": 0.0,
        "values": [
          0,
          0,
          0
        ]
      },
      "red_capture_pct": {
        "mean": 0.0,
        "std": 0.0,
        "values": [
          0.0,
          0.0,
          0.0
        ]
      },
      "n_green_clusters": {
        "mean": 18.333333333333332,
        "std": 4.496912521077347,
        "values": [
          21,
          22,
          12
        ]
      },
      "n_red_clusters": {
        "mean": 0.0,
        "std": 0.0,
        "values": [
          0,
          0,
          0
        ]
      }
    },
    "HDBSCAN": {
      "green_pct": {
        "mean": 11.060606060606062,
        "std": 1.1653711815628798,
        "values": [
          9.854545454545455,
          12.636363636363637,
          10.690909090909093
        ]
      },
      "red_pct": {
        "mean": 0.0,
        "std": 0.0,
        "values": [
          0,
          0,
          0
        ]
      },
      "red_capture_pct": {
        "mean": 0.0,
        "std": 0.0,
        "values": [
          0.0,
          0.0,
          0.0
        ]
      },
      "n_green_clusters": {
        "mean": 15.666666666666666,
        "std": 1.247219128924647,
        "values": [
          14,
          16,
          17
        ]
      },
      "n_red_clusters": {
        "mean": 0.0,
        "std": 0.0,
        "values": [
          0,
          0,
          0
        ]
      }
    },
    "OPTICS": {
      "green_pct": {
        "mean": 18.842424242424247,
        "std": 0.5970235324133254,
        "values": [
          18.236363636363638,
          19.654545454545467,
          18.636363636363644
        ]
      },
      "red_pct": {
        "mean": 0.24242424242424246,
        "std": 0.25812775077632555,
        "values": [
          0.6000000000000001,
          0.1272727272727273,
          0
        ]
      },
      "red_capture_pct": {
        "mean": 2.6666666666666665,
        "std": 2.8394052585395806,
        "values": [
          6.6000000000000005,
          1.4000000000000001,
          0.0
        ]
      },
      "n_green_clusters": {
        "mean": 92.0,
        "std": 8.602325267042627,
        "values": [
          81,
          102,
          93
        ]
      },
      "n_red_clusters": {
        "mean": 2.0,
        "std": 2.160246899469287,
        "values": [
          5,
          1,
          0
        ]
      }
    },
    "MeanShift": {
      "green_pct": {
        "mean": 1.1575757575757573,
        "std": 1.1091737011655152,
        "values": [
          0.18181818181818182,
          2.709090909090908,
          0.5818181818181819
        ]
      },
      "red_pct": {
        "mean": 0.006060606060606061,
        "std": 0.008570991287109666,
        "values": [
          0,
          0.01818181818181818,
          0
        ]
      },
      "red_capture_pct": {
        "mean": 0.06666666666666667,
        "std": 0.09428090415820635,
        "values": [
          0.0,
          0.2,
          0.0
        ]
      },
      "n_green_clusters": {
        "mean": 8.0,
        "std": 1.632993161855452,
        "values": [
          6,
          10,
          8
        ]
      },
      "n_red_clusters": {
        "mean": 0.3333333333333333,
        "std": 0.4714045207910317,
        "values": [
          0,
          1,
          0
        ]
      }
    }
  },
  "iterative": {
    "DBSCAN": {
      "n_iterations": {
        "mean": 2.0,
        "std": 0.0,
        "values": [
          2,
          2,
          2
        ]
      },
      "n_sanitized": {
        "mean": 169.66666666666666,
        "std": 18.372685039360892,
        "values": [
          186,
          179,
          144
        ]
      },
      "n_poisoned_pool": {
        "mean": 0.0,
        "std": 0.0,
        "values": [
          0,
          0,
          0
        ]
      },
      "n_residual": {
        "mean": 5330.333333333333,
        "std": 18.372685039360892,
        "values": [
          5314,
          5321,
          5356
        ]
      },
      "sanitized_purity": {
        "mean": 100.0,
        "std": 0.0,
        "values": [
          100.0,
          100.0,
          100.0
        ]
      },
      "poisoned_pool_precision": {
        "mean": 100.0,
        "std": 0.0,
        "values": [
          100.0,
          100.0,
          100.0
        ]
      },
      "poison_capture_pct": {
        "mean": 0.0,
        "std": 0.0,
        "values": [
          0.0,
          0.0,
          0.0
        ]
      },
      "false_positives": {
        "mean": 0.0,
        "std": 0.0,
        "values": [
          0,
          0,
          0
        ]
      },
      "false_negatives": {
        "mean": 0.0,
        "std": 0.0,
        "values": [
          0,
          0,
          0
        ]
      }
    },
    "HDBSCAN": {
      "n_iterations": {
        "mean": 3.0,
        "std": 0.0,
        "values": [
          3,
          3,
          3
        ]
      },
      "n_sanitized": {
        "mean": 622.6666666666666,
        "std": 67.18300049533033,
        "values": [
          552,
          713,
          603
        ]
      },
      "n_poisoned_pool": {
        "mean": 0.0,
        "std": 0.0,
        "values": [
          0,
          0,
          0
        ]
      },
      "n_residual": {
        "mean": 4877.333333333333,
        "std": 67.18300049533033,
        "values": [
          4948,
          4787,
          4897
        ]
      },
      "sanitized_purity": {
        "mean": 100.0,
        "std": 0.0,
        "values": [
          100.0,
          100.0,
          100.0
        ]
      },
      "poisoned_pool_precision": {
        "mean": 100.0,
        "std": 0.0,
        "values": [
          100.0,
          100.0,
          100.0
        ]
      },
      "poison_capture_pct": {
        "mean": 0.0,
        "std": 0.0,
        "values": [
          0.0,
          0.0,
          0.0
        ]
      },
      "false_positives": {
        "mean": 0.0,
        "std": 0.0,
        "values": [
          0,
          0,
          0
        ]
      },
      "false_negatives": {
        "mean": 0.0,
        "std": 0.0,
        "values": [
          0,
          0,
          0
        ]
      }
    },
    "OPTICS": {
      "n_iterations": {
        "mean": 5.0,
        "std": 0.816496580927726,
        "values": [
          4,
          6,
          5
        ]
      },
      "n_sanitized": {
        "mean": 1214.0,
        "std": 50.25932749251625,
        "values": [
          1151,
          1274,
          1217
        ]
      },
      "n_poisoned_pool": {
        "mean": 20.333333333333332,
        "std": 15.173075568988057,
        "values": [
          41,
          15,
          5
        ]
      },
      "n_residual": {
        "mean": 4265.666666666667,
        "std": 40.549010126293126,
        "values": [
          4308,
          4211,
          4278
        ]
      },
      "sanitized_purity": {
        "mean": 100.0,
        "std": 0.0,
        "values": [
          100.0,
          100.0,
          100.0
        ]
      },
      "poisoned_pool_precision": {
        "mean": 100.0,
        "std": 0.0,
        "values": [
          100.0,
          100.0,
          100.0
        ]
      },
      "poison_capture_pct": {
        "mean": 4.066666666666667,
        "std": 3.034615113797612,
        "values": [
          8.200000000000001,
          3.0,
          1.0
        ]
      },
      "false_positives": {
        "mean": 0.0,
        "std": 0.0,
        "values": [
          0,
          0,
          0
        ]
      },
      "false_negatives": {
        "mean": 0.0,
        "std": 0.0,