{
  "baseline": {
    "DBSCAN": {
      "green_pct": {
        "mean": 17.181818181818187,
        "std": 0.6399380135271056,
        "values": [
          17.327272727272746,
          17.21818181818181,
          15.963636363636379,
          17.745454545454542,
          17.654545454545456
        ]
      },
      "red_pct": {
        "mean": 0.0,
        "std": 0.0,
        "values": [
          0,
          0,
          0,
          0,
          0
        ]
      },
      "red_capture_pct": {
        "mean": 0.0,
        "std": 0.0,
        "values": [
          0.0,
          0.0,
          0.0,
          0.0,
          0.0
        ]
      },
      "n_green_clusters": {
        "mean": 86.2,
        "std": 3.6,
        "values": [
          91,
          82,
          84,
          90,
          84
        ]
      },
      "n_red_clusters": {
        "mean": 0.0,
        "std": 0.0,
        "values": [
          0,
          0,
          0,
          0,
          0
        ]
      }
    },
    "HDBSCAN": {
      "green_pct": {
        "mean": 22.6,
        "std": 2.292611200291599,
        "values": [
          24.14545454545455,
          18.272727272727273,
          22.363636363636363,
          23.581818181818182,
          24.63636363636364
        ]
      },
      "red_pct": {
        "mean": 0.0,
        "std": 0.0,
        "values": [
          0,
          0,
          0,
          0,
          0
        ]
      },
      "red_capture_pct": {
        "mean": 0.0,
        "std": 0.0,
        "values": [
          0.0,
          0.0,
          0.0,
          0.0,
          0.0
        ]
      },
      "n_green_clusters": {
        "mean": 32.0,
        "std": 5.403702434442518,
        "values": [
          30,
          24,
          39,
          37,
          30
        ]
      },
      "n_red_clusters": {
        "mean": 0.0,
        "std": 0.0,
        "values": [
          0,
          0,
          0,
          0,
          0
        ]
      }
    },
    "OPTICS": {
      "green_pct": {
        "mean": 28.865454545454554,
        "std": 1.0405719978188126,
        "values": [
          30.763636363636383,
          27.98181818181819,
          28.254545454545465,
          29.20000000000001,
          28.12727272727274
        ]
      },
      "red_pct": {
        "mean": 0.2690909090909091,
        "std": 0.12459521235644955,
        "values": [
          0.09090909090909091,
          0.2181818181818182,
          0.38181818181818183,
          0.2181818181818182,
          0.43636363636363634
        ]
      },
      "red_capture_pct": {
        "mean": 2.96,
        "std": 1.370547335920945,
        "values": [
          1.0,
          2.4,
          4.2,
          2.4,
          4.8
        ]
      },
      "n_green_clusters": {
        "mean": 160.6,
        "std": 5.851495535331117,
        "values": [
          164,
          154,
          166,
          166,
          153
        ]
      },
      "n_red_clusters": {
        "mean": 2.2,
        "std": 0.7483314773547882,
        "values": [
          1,
          2,
          3,
          2,
          3
        ]
      }
    },
    "MeanShift": {
      "green_pct": {
        "mean": 0.10545454545454547,
        "std": 0.09440549080543398,
        "values": [
          0.14545454545454545,
          0.03636363636363636,
          0.05454545454545454,
          0.27272727272727276,
          0.01818181818181818
        ]
      },
      "red_pct": {
        "mean": 0.0,
        "std": 0.0,
        "values": [
          0,
          0,
          0,
          0,
          0
        ]
      },
      "red_capture_pct": {
        "mean": 0.0,
        "std": 0.0,
        "values": [
          0.0,
          0.0,
          0.0,
          0.0,
          0.0
        ]
      },
      "n_green_clusters": {
        "mean": 2.2,
        "std": 0.7483314773547882,
        "values": [
          3,
          2,
          2,
          3,
          1
        ]
      },
      "n_red_clusters": {
        "mean": 0.0,
        "std": 0.0,
        "values": [
          0,
          0,
          0,
          0,
          0
        ]
      }
    }
  },
  "iterative": {
    "DBSCAN": {
      "n_iterations": {
        "mean": 2.0,
        "std": 0.0,
        "values": [
          2,
          2,
          2,
          2,
          2
        ]
      },
      "n_sanitized": {
        "mean": 945.0,
        "std": 35.1965907439911,
        "values": [
          953,
          947,
          878,
          976,
          971
        ]
      },
      "n_poisoned_pool": {
        "mean": 0.0,
        "std": 0.0,
        "values": [
          0,
          0,
          0,
          0,
          0
        ]
      },
      "n_residual": {
        "mean": 4555.0,
        "std": 35.1965907439911,
        "values": [
          4547,
          4553,
          4622,
          4524,
          4529
        ]
      },
      "sanitized_purity": {
        "mean": 100.0,
        "std": 0.0,
        "values": [
          100.0,
          100.0,
          100.0,
          100.0,
          100.0
        ]
      },
      "poisoned_pool_precision": {
        "mean": 100.0,
        "std": 0.0,
        "values": [
          100.0,
          100.0,
          100.0,
          100.0,
          100.0
        ]
      },
      "poison_capture_pct": {
        "mean": 0.0,
        "std": 0.0,
        "values": [
          0.0,
          0.0,
          0.0,
          0.0,
          0.0
        ]
      },
      "false_positives": {
        "mean": 0.0,
        "std": 0.0,
        "values": [
          0,
          0,
          0,
          0,
          0
        ]
      },
      "false_negatives": {
        "mean": 0.0,
        "std": 0.0,
        "values": [
          0,
          0,
          0,
          0,
          0
        ]
      }
    },
    "HDBSCAN": {
      "n_iterations": {
        "mean": 3.6,
        "std": 0.8,
        "values": [
          3,
          5,
          3,
          3,
          4
        ]
      },
      "n_sanitized": {
        "mean": 1390.4,
        "std": 106.87862274561738,
        "values": [
          1455,
          1185,
          1439,
          1391,
          1482
        ]
      },
      "n_poisoned_pool": {
        "mean": 0.0,
        "std": 0.0,
        "values": [
          0,
          0,
          0,
          0,
          0
        ]
      },
      "n_residual": {
        "mean": 4109.6,
        "std": 106.87862274561738,
        "values": [
          4045,
          4315,
          4061,
          4109,
          4018
        ]
      },
      "sanitized_purity": {
        "mean": 100.0,
        "std": 0.0,
        "values": [
          100.0,
          100.0,
          100.0,
          100.0,
          100.0
        ]
      },
      "poisoned_pool_precision": {
        "mean": 100.0,
        "std": 0.0,
        "values": [
          100.0,
          100.0,
          100.0,
          100.0,
          100.0
        ]
      },
      "poison_capture_pct": {
        "mean": 0.0,
        "std": 0.0,
        "values": [
          0.0,
          0.0,
          0.0,
          0.0,
          0.0
        ]
      },
      "false_positives": {
        "mean": 0.0,
        "std": 0.0,
        "values": [
          0,
          0,
          0,
          0,
          0
        ]
      },
      "false_negatives": {
        "mean": 0.0,
        "std": 0.0,
        "values": [
          0,
          0,
          0,
          0,
          0
        ]
      }
    },
    "OPTICS": {
      "n_iterations": {
        "mean": 7.0,
        "std": 1.0954451150103321,
        "values": [
          6,
          7,
          6,
          7,
          9
        ]
      },
      "n_sanitized": {
        "mean": 2266.4,
        "std": 22.168446043870553,
        "values": [
          2228,
          2293,
          2261,
          2268,
          2282
        ]
      },
      "n_poisoned_pool": {
        "mean": 15.8,