{
  "baseline": {
    "DBSCAN": {
      "green_pct": {
        "mean": 3.825454545454545,
        "std": 0.959931127006017,
        "values": [
          3.381818181818181,
          3.2545454545454544,
          2.6181818181818177,
          5.21818181818182,
          4.654545454545453
        ]
      },
      "red_pct": {
        "mean": 0.014545454545454545,
        "std": 0.02909090909090909,
        "values": [
          0,
          0,
          0,
          0.07272727272727272,
          0
        ]
      },
      "red_capture_pct": {
        "mean": 0.16,
        "std": 0.32,
        "values": [
          0.0,
          0.0,
          0.0,
          0.8,
          0.0
        ]
      },
      "n_green_clusters": {
        "mean": 20.4,
        "std": 4.31740662898458,
        "values": [
          21,
          22,
          12,
          24,
          23
        ]
      },
      "n_red_clusters": {
        "mean": 0.2,
        "std": 0.4,
        "values": [
          0,
          0,
          0,
          1,
          0
        ]
      }
    },
    "HDBSCAN": {
      "green_pct": {
        "mean": 11.807272727272728,
        "std": 3.0860410863721266,
        "values": [
          9.854545454545455,
          12.636363636363637,
          10.690909090909093,
          8.490909090909092,
          17.363636363636363
        ]
      },
      "red_pct": {
        "mean": 0.0,
        "std": 0.0,
        "values": [
          0,
          0,
          0,
          0,
          0
        ]
      },
      "red_capture_pct": {
        "mean": 0.0,
        "std": 0.0,
        "values": [
          0.0,
          0.0,
          0.0,
          0.0,
          0.0
        ]
      },
      "n_green_clusters": {
        "mean": 17.0,
        "std": 4.242640687119285,
        "values": [
          14,
          16,
          17,
          13,
          25
        ]
      },
      "n_red_clusters": {
        "mean": 0.0,
        "std": 0.0,
        "values": [
          0,
          0,
          0,
          0,
          0
        ]
      }
    },
    "OPTICS": {
      "green_pct": {
        "mean": 19.38909090909091,
        "std": 1.7070626262434996,
        "values": [
          18.236363636363638,
          19.654545454545467,
          18.636363636363644,
          17.836363636363636,
          22.581818181818182
        ]
      },
      "red_pct": {
        "mean": 0.23272727272727275,
        "std": 0.20062711598739963,
        "values": [
          0.6000000000000001,
          0.1272727272727273,
          0,
          0.2,
          0.2363636363636364
        ]
      },
      "red_capture_pct": {
        "mean": 2.5599999999999996,
        "std": 2.2068982758613958,
        "values": [
          6.6000000000000005,
          1.4000000000000001,
          0.0,
          2.1999999999999997,
          2.6
        ]
      },
      "n_green_clusters": {
        "mean": 91.2,
        "std": 6.734983296193095,
        "values": [
          81,
          102,
          93,
          90,
          90
        ]
      },
      "n_red_clusters": {
        "mean": 2.0,
        "std": 1.6733200530681511,
        "values": [
          5,
          1,
          0,
          2,
          2
        ]
      }
    },
    "MeanShift": {
      "green_pct": {
        "mean": 0.7636363636363634,
        "std": 0.9873915883580989,
        "values": [
          0.18181818181818182,
          2.709090909090908,
          0.5818181818181819,
          0.2727272727272727,
          0.07272727272727272
        ]
      },
      "red_pct": {
        "mean": 0.0036363636363636364,
        "std": 0.007272727272727273,
        "values": [
          0,
          0.01818181818181818,
          0,
          0,
          0
        ]
      },
      "red_capture_pct": {
        "mean": 0.04,
        "std": 0.08,
        "values": [
          0.0,
          0.2,
          0.0,
          0.0,
          0.0
        ]
      },
      "n_green_clusters": {
        "mean": 6.2,
        "std": 2.5612496949731396,
        "values": [
          6,
          10,
          8,
          4,
          3
        ]
      },
      "n_red_clusters": {
        "mean": 0.2,
        "std": 0.4000000000000001,
        "values": [
          0,
          1,
          0,
          0,
          0
        ]
      }
    }
  },
  "iterative": {
    "DBSCAN": {
      "n_iterations": {
        "mean": 2.0,
        "std": 0.0,
        "values": [
          2,
          2,
          2,
          2,
          2
        ]
      },
      "n_sanitized": {
        "mean": 210.4,
        "std": 52.79621198533092,
        "values": [
          186,
          179,
          144,
          287,
          256
        ]
      },
      "n_poisoned_pool": {
        "mean": 0.8,
        "std": 1.6,
        "values": [
          0,
          0,
          0,
          4,
          0
        ]
      },
      "n_residual": {
        "mean": 5288.8,
        "std": 53.96813874870987,
        "values": [
          5314,
          5321,
          5356,
          5209,
          5244
        ]
      },
      "sanitized_purity": {
        "mean": 100.0,
        "std": 0.0,
        "values": [
          100.0,
          100.0,
          100.0,
          100.0,
          100.0
        ]
      },
      "poisoned_pool_precision": {
        "mean": 100.0,
        "std": 0.0,
        "values": [
          100.0,
          100.0,
          100.0,
          100.0,
          100.0
        ]
      },
      "poison_capture_pct": {
        "mean": 0.16,
        "std": 0.32,
        "values": [
          0.0,
          0.0,
          0.0,
          0.8,
          0.0
        ]
      },
      "false_positives": {
        "mean": 0.0,
        "std": 0.0,
        "values": [
          0,
          0,
          0,
          0,
          0
        ]
      },
      "false_negatives": {
        "mean": 0.0,
        "std": 0.0,
        "values": [
          0,
          0,
          0,
          0,
          0
        ]
      }
    },
    "HDBSCAN": {
      "n_iterations": {
        "mean": 2.8,
        "std": 0.39999999999999997,
        "values": [
          3,
          3,
          3,
          3,
          2
        ]
      },
      "n_sanitized": {
        "mean": 667.4,
        "std": 158.61223155860333,
        "values": [
          552,
          713,
          603,
          514,
          955
        ]
      },
      "n_poisoned_pool": {
        "mean": 0.0,
        "std": 0.0,
        "values": [
          0,
          0,
          0,
          0,
          0
        ]
      },
      "n_residual": {
        "mean": 4832.6,
        "std": 158.61223155860333,
        "values": [
          4948,
          4787,
          4897,
          4986,
          4545
        ]
      },
      "sanitized_purity": {
        "mean": 100.0,
        "std": 0.0,
        "values": [
          100.0,
          100.0,
          100.0,
          100.0,
          100.0
        ]
      },
      "poisoned_pool_precision": {
        "mean": 100.0,
        "std": 0.0,
        "values": [
          100.0,
          100.0,
          100.0,
          100.0,
          100.0
        ]
      },
      "poison_capture_pct": {
        "mean": 0.0,
        "std": 0.0,
        "values": [
          0.0,
          0.0,
          0.0,
          0.0,
          0.0
        ]
      },
      "false_positives": {
        "mean": 0.0,
        "std": 0.0,
        "values": [
          0,
          0,
          0,
          0,
          0
        ]
      },
      "false_negatives": {
        "mean": 0.0,
        "std": 0.0,
        "values": [
          0,
          0,
          0,
          0,
          0
        ]
      }
    },
    "OPTICS": {
      "n_iterations": {
        "mean": 4.2,
        "std": 1.16619037896906,
        "values": [
          4,
          6,
          5,
          3,
          3
        ]
      },
      "n_sanitized": {
        "mean": 1219.8,